GiveToPlayer	t	t	Really hand over to #PLAYER_NAME# something #HERIKA_NAME# owns, so it is no longer stolen - use it ONLY when #HERIKA_NAME# truly agrees to give, sell (after payment) or bequeath it. target: "horse" = a horse/mount standing near #PLAYER_NAME# (a stablemaster gives or sells a horse); "around" = #HERIKA_NAME#'s things near #PLAYER_NAME#: chests, furniture, items lying around (take anything, look into the chest); "house" = the house #PLAYER_NAME# is standing in right now, with everything inside and its doors (only if it is #HERIKA_NAME#'s home); "all" = literally everything #HERIKA_NAME# carries and wears; "spell:<name>" = teach #PLAYER_NAME# a spell #HERIKA_NAME# knows (e.g. spell:Огненная стрела). For a single item from the inventory use Give_Item_To, for gold Give_Gold_To.
TakeHeldItem	t	t	#HERIKA_NAME# accepts one exact physical item currently held by #PLAYER_NAME#. Use only the exact RefID:ItemName shown in <held_items>. Do not use this for equipped or inventory-only items.
SellHouse	t	f	Only a city steward or jarl: actually sell #PLAYER_NAME# the city's house for sale (Whiterun: Дом теплых ветров, Solitude: Высокий шпиль, Riften: Медовик, Markarth: Влиндрел-холл, Windhelm: Хьерим). The game itself takes the price in gold and gives the key, the decorating guide and ownership - no walking, no GiveItemTo of keys. Prices (Requiem): Дом теплых ветров 3000, Медовик 4000, Влиндрел-холл 5000, Хьерим 6000, Высокий шпиль 10000. Use it once #PLAYER_NAME# agrees to buy; the result (sold / not enough gold / already owned) comes back to you.
SpawnItem	t	t	Creates a real game item and gives it to the target. If #HERIKA_NAME# is The Narrator (game master): any item #PLAYER_NAME# asks for, by its exact English name from the descriptions database (e.g. Daedric Sword, Fine Clothes, Fine Boots). Any other NPC: ONLY food or drink #HERIKA_NAME# serves or sells at work (innkeeper, tavern staff, cook), and ONLY after #PLAYER_NAME# has paid; exact English name: Ale (эль), Nord Mead (нордский мёд), Honningbrew Mead, Black-Briar Mead, Wine, Alto Wine, Spiced Wine, Bread, Sweet Roll, Apple Pie, Eidar Cheese Wedge, Goat Cheese Wedge, Beef Stew, Vegetable Soup, Cabbage Potato Soup, Horker Stew, Venison Stew, Salmon Steak, Cooked Beef, Grilled Chicken Breast, Leg of Goat Roast. Target is #PLAYER_NAME# unless another recipient is named.
GoToSleep	t	t	#HERIKA_NAME# takes a nap.
FurnishHouse	t	f	Only a city steward or jarl, for the city house #PLAYER_NAME# already owns: buy ALL its furnishings and upgrades at once (kitchen, living room, dining room, loft, alchemy or enchanting corner - whatever that house has). The game takes each room's price in gold itself and puts the furniture in place at once; rooms already bought are skipped. Use it when #PLAYER_NAME# asks to furnish, decorate, upgrade or improve the house; the result comes back to you.
IncreaseWalkSpeed	t	t	Increase #HERIKA_NAME#'s speed when moving or travelling.
WriteDocument	t	t	#HERIKA_NAME# writes a real paper and hands it to #PLAYER_NAME#: a receipt, contract, deed of sale, permit, pass, letter of recommendation, IOU, note, map directions - whatever #HERIKA_NAME# would plausibly write in their role (a steward writes deeds and permits, a merchant receipts, a scholar notes). A shady character may forge one in someone else's name. target = "<paper name>: <text>" (e.g. Расписка: Получил от Шамана 500 септимов. Назим), text in Russian, signed by its author. Use it whenever #HERIKA_NAME# promises to write, sign or issue a paper - do not just talk about it.
PickupItem	t	t	#HERIKA_NAME# picks up a specific item from the ground. Use the exact RefID:ItemName format from nearby_items (e.g. 0x12345:Iron Sword).
Toast	t	t	Raises a glass in celebration or honor.
ComeCloser	t	t	#HERIKA_NAME# approaches #PLAYER_NAME#.
Consume	t	t	#HERIKA_NAME# consumes a food, drink, or potion from inventory. Use the exact inventory item name in the target field.
DecreaseWalkSpeed	t	t	Decrease #HERIKA_NAME#'s speed when moving or travelling.
EndRitualCeremony	t	t	Concludes a ritual or ceremony, marking its completion.
StartRitualCeremony	t	t	Participates in a ritual or ceremony, following its customs and practices.
UseSoulGaze	t	t	Use the spell SoulGaze, a powerful incantation that allows #HERIKA_NAME# to perceive surroundings in vivid detail through #PLAYER_NAME#'s eyes. The spell, however, causes some disturbance to the caster.
